{
  "school": {
    "_id": "690067f5f719b77ba3f09235",
    "name": "Brigham Young University(BYU)"
  },
  "collaboration": {
    "avgEmv": 810.65,
    "avgLift": 80.71,
    "top5Athletes": [
      {
        "athlete": {
          "name": "Egor Demin",
          "sport": "MENS_BASKETBALL"
        },
        "posts": 6,
        "emv": 2062.36,
        "engagementRate": 0.1806,
        "lift": 52.2
      },
      {
        "athlete": {
          "name": "Luke Anderson",
          "sport": "MENS_BASEBALL"
        },
        "posts": 4,
        "emv": 118.56,
        "engagementRate": 0.5035,
        "lift": 100.51
      },
      {
        "athlete": {
          "name": "Bear Bachmeier",
          "sport": "FOOTBALL"
        },
        "posts": 4,
        "emv": 1216.82,
        "engagementRate": 0.4408,
        "lift": 27.66
      },
      {
        "athlete": {
          "name": "Parker Kingston",
          "sport": "FOOTBALL"
        },
        "posts": 4,
        "emv": 470.26,
        "engagementRate": 0.3997,
        "lift": 86.72
      },
      {
        "athlete": {
          "name": "Tyler Mathews",
          "sport": "MENS_TRACK_AND_FIELD"
        },
        "posts": 4,
        "emv": 185.26,
        "engagementRate": 3.1626,
        "lift": 136.47
      }
    ]
  },
  "logo": {
    "avgEmv": 823.49,
    "avgLift": 133.07,
    "top5Athletes": [
      {
        "athlete": {
          "name": "LJ Martin",
          "sport": "FOOTBALL"
        },
        "posts": 15,
        "emv": 1092.34,
        "engagementRate": 0.3294,
        "lift": -59.75
      },
      {
        "athlete": {
          "name": "Raider Damuni",
          "sport": "FOOTBALL"
        },
        "posts": 15,
        "emv": 516.6,
        "engagementRate": 0.2711,
        "lift": 128.36
      },
      {
        "athlete": {
          "name": "Andrew Gentry",
          "sport": "FOOTBALL"
        },
        "posts": 13,
        "emv": 343.78,
        "engagementRate": 0.3308,
        "lift": 252.42
      },
      {
        "athlete": {
          "name": "Logan Lutui",
          "sport": "FOOTBALL"
        },
        "posts": 13,
        "emv": 735.42,
        "engagementRate": 0.9214,
        "lift": 199.88
      },
      {
        "athlete": {
          "name": "Faletau Satuala",
          "sport": "FOOTBALL"
        },
        "posts": 12,
        "emv": 1429.3,
        "engagementRate": 0.9161,
        "lift": 144.45
      }
    ]
  },
  "mention (in caption)": {
    "avgEmv": 99.26,
    "avgLift": 1.14,
    "top5Athletes": [
      {
        "athlete": {
          "name": "Audrey Thomas",
          "sport": "WOMENS_GYMNASTICS"
        },
        "posts": 13,
        "emv": 69.14,
        "engagementRate": 0.0601,
        "lift": -15.85
      },
      {
        "athlete": {
          "name": "Trevin Knell",
          "sport": "MENS_BASKETBALL"
        },
        "posts": 13,
        "emv": 62.48,
        "engagementRate": 0.0298,
        "lift": -86.79
      },
      {
        "athlete": {
          "name": "Kylie Doxey",
          "sport": "CHEER"
        },
        "posts": 10,
        "emv": 96.24,
        "engagementRate": 0.2087,
        "lift": 53.07
      },
      {
        "athlete": {
          "name": "Scarlett Sonnenberg",
          "sport": "WOMENS_GYMNASTICS"
        },
        "posts": 9,
        "emv": 90.78,
        "engagementRate": 0.0946,
        "lift": 26.84
      },
      {
        "athlete": {
          "name": "Jenna Hutchins",
          "sport": "WOMENS_CROSS_COUNTRY"
        },
        "posts": 7,
        "emv": 177.66,
        "engagementRate": 0.1657,
        "lift": 28.43
      }
    ]
  },
  "partnership": {
    "avgEmv": 153.76,
    "avgLift": -33,
    "top5Athletes": [
      {
        "athlete": {
          "name": "Jenna Hutchins",
          "sport": "WOMENS_CROSS_COUNTRY"
        },
        "posts": 7,
        "emv": 177.66,
        "engagementRate": 0.1657,
        "lift": 28.43
      },
      {
        "athlete": {
          "name": "Brody Kozlowski",
          "sport": "MENS_BASKETBALL"
        },
        "posts": 7,
        "emv": 41.2,
        "engagementRate": 0.0611,
        "lift": -85.65
      },
      {
        "athlete": {
          "name": "Jeff Lewis",
          "sport": "FOOTBALL"
        },
        "posts": 6,
        "emv": 519.04,
        "engagementRate": 0.0039,
        "lift": 56.15
      },
      {
        "athlete": {
          "name": "Trevin Knell",
          "sport": "MENS_BASKETBALL"
        },
        "posts": 6,
        "emv": 18.44,
        "engagementRate": 0.0178,
        "lift": -88.09
      },
      {
        "athlete": {
          "name": "Scarlett Sonnenberg",
          "sport": "WOMENS_GYMNASTICS"
        },
        "posts": 5,
        "emv": 12.46,
        "engagementRate": 0.0249,
        "lift": -75.84
      }
    ]
  }
}