{
  "school": {
    "_id": "68add81d24ae2ac4d2c3b47a",
    "name": "Louisiana State University"
  },
  "collaboration": {
    "avgEmv": 0,
    "avgLift": null,
    "top5Athletes": []
  },
  "logo": {
    "avgEmv": 1463.76,
    "avgLift": 9.52,
    "top5Athletes": [
      {
        "athlete": {
          "name": "Flau'Jae Johnson",
          "sport": "WOMENS_BASKETBALL"
        },
        "posts": 9,
        "emv": 3064.44,
        "engagementRate": 0.0078,
        "lift": 166.71
      },
      {
        "athlete": {
          "name": "Paytn Monticelli",
          "sport": "SOFTBALL"
        },
        "posts": 9,
        "emv": 16.22,
        "engagementRate": 0.0037,
        "lift": -89.18
      },
      {
        "athlete": {
          "name": "Damian Ramos",
          "sport": "FOOTBALL"
        },
        "posts": 9,
        "emv": 1232.24,
        "engagementRate": 0.1043,
        "lift": -7.84
      },
      {
        "athlete": {
          "name": "Mansoor Delane",
          "sport": "FOOTBALL"
        },
        "posts": 8,
        "emv": 2490.3,
        "engagementRate": 0.4643,
        "lift": 42.14
      },
      {
        "athlete": {
          "name": "Zavion Thomas",
          "sport": "FOOTBALL"
        },
        "posts": 7,
        "emv": 515.6,
        "engagementRate": 0.0854,
        "lift": -64.21
      }
    ]
  },
  "mention (in caption)": {
    "avgEmv": 2478.28,
    "avgLift": 555.02,
    "top5Athletes": [
      {
        "athlete": {
          "name": "Badger Hargett",
          "sport": "FOOTBALL"
        },
        "posts": 12,
        "emv": 136.38,
        "engagementRate": 0.138,
        "lift": 13.91
      },
      {
        "athlete": {
          "name": "Alessio Vasquez",
          "sport": "MENS_TENNIS"
        },
        "posts": 11,
        "emv": 1687.36,
        "engagementRate": 0.8363,
        "lift": 1700.94
      },
      {
        "athlete": {
          "name": "CJ Jimcoily",
          "sport": "FOOTBALL"
        },
        "posts": 11,
        "emv": 2979.6,
        "engagementRate": 1.896,
        "lift": 734.97
      },
      {
        "athlete": {
          "name": "Derek Curiel",
          "sport": "BASEBALL"
        },
        "posts": 9,
        "emv": 6515.48,
        "engagementRate": 1.0327,
        "lift": 359.03
      },
      {
        "athlete": {
          "name": "Flau'Jae Johnson",
          "sport": "WOMENS_BASKETBALL"
        },
        "posts": 9,
        "emv": 1072.6,
        "engagementRate": 0.0024,
        "lift": -33.77
      }
    ]
  },
  "partnership": {
    "avgEmv": 508.34,
    "avgLift": -47.36,
    "top5Athletes": [
      {
        "athlete": {
          "name": "Flau'Jae Johnson",
          "sport": "WOMENS_BASKETBALL"
        },
        "posts": 20,
        "emv": 1446.42,
        "engagementRate": 0.0015,
        "lift": -64.71
      },
      {
        "athlete": {
          "name": "Princeton Malbrue",
          "sport": "FOOTBALL"
        },
        "posts": 16,
        "emv": 257.14,
        "engagementRate": 0.006,
        "lift": 58.55
      },
      {
        "athlete": {
          "name": "Amaya Messier",
          "sport": "WOMENS_BEACH_VOLLEYBALL"
        },
        "posts": 12,
        "emv": 11.38,
        "engagementRate": 0.0297,
        "lift": -68.11
      },
      {
        "athlete": {
          "name": "Bella Hines",
          "sport": "WOMENS_BASKETBALL"
        },
        "posts": 7,
        "emv": 371.86,
        "engagementRate": 0.0784,
        "lift": -80.12
      },
      {
        "athlete": {
          "name": "Whit Weeks",
          "sport": "FOOTBALL"
        },
        "posts": 6,
        "emv": 454.88,
        "engagementRate": 0.0374,
        "lift": -82.41
      }
    ]
  }
}